{
  "run_id": "ablate_ie_patient-dropout-event-forecasting_YN_20260520_190137",
  "subtask": "patient-dropout-event-forecasting",
  "target": "Y/N",
  "task_type": "binary",
  "ie_features_path": "results/criterion_head_20260520_155333/ie_features.parquet",
  "n_train": 9129,
  "n_test": 2332,
  "n_features_baseline": 38,
  "n_features_with_ie": 46,
  "baseline": {
    "time_s": 2.3785697009880096,
    "roc_auc": 0.8514199685828713,
    "pr_auc": 0.9824890857504357,
    "log_loss": 0.22971312605515537,
    "accuracy": 0.9155231560891939
  },
  "with_ie": {
    "time_s": 1.3086204479914159,
    "roc_auc": 0.8568999362191717,
    "pr_auc": 0.9830107162084528,
    "log_loss": 0.22596496447746303,
    "accuracy": 0.9159519725557461
  },
  "delta": {
    "roc_auc": 0.005479967636300431,
    "pr_auc": 0.0005216304580171194,
    "log_loss": -0.0037481615776923383,
    "accuracy": 0.0004288164665522398
  },
  "args": {
    "ie_features": "results/criterion_head_20260520_155333/ie_features.parquet",
    "subtask": "patient-dropout-event-forecasting",
    "target": "Y/N",
    "task_type": "binary",
    "phases": "Phase3",
    "n_estimators": 2,
    "seed": 0
  }
}