{
  "run_id": "ablate_ie_trial-approval-forecasting_outcome_20260520_190202",
  "subtask": "trial-approval-forecasting",
  "target": "outcome",
  "task_type": "binary",
  "ie_features_path": "results/criterion_head_20260520_155333/ie_features.parquet",
  "n_train": 9980,
  "n_test": 2514,
  "n_features_baseline": 37,
  "n_features_with_ie": 45,
  "baseline": {
    "time_s": 2.404873854946345,
    "roc_auc": 0.8192569405530682,
    "pr_auc": 0.6867584434127667,
    "log_loss": 0.48114741360906504,
    "accuracy": 0.7390612569610183
  },
  "with_ie": {
    "time_s": 1.3633411269402131,
    "roc_auc": 0.8294756570607853,
    "pr_auc": 0.7082830132824476,
    "log_loss": 0.4676504203598403,
    "accuracy": 0.7442322991249005
  },
  "delta": {
    "roc_auc": 0.010218716507717107,
    "pr_auc": 0.021524569869680876,
    "log_loss": -0.013496993249224765,
    "accuracy": 0.0051710421638822
  },
  "args": {
    "ie_features": "results/criterion_head_20260520_155333/ie_features.parquet",
    "subtask": "trial-approval-forecasting",
    "target": "outcome",
    "task_type": "binary",
    "phases": "Phase2",
    "n_estimators": 2,
    "seed": 0
  }
}