{
  "Phase2/Bprime/last5": {
    "full": {
      "mean": 0.8540959446072607,
      "std": 0.0038549075327235865,
      "n": 5
    },
    "subset": {
      "mean": 0.8542520397567127,
      "std": 0.003166940445749248,
      "n": 5
    }
  },
  "Phase2/chemberta_mlm/last5": {
    "full": {
      "mean": 0.8561052495000526,
      "std": 0.006948212837774628,
      "n": 5
    },
    "subset": {
      "mean": 0.8551456757157692,
      "std": 0.00408026589464956,
      "n": 5
    }
  },
  "Phase2/chemberta_mtr/last5": {
    "full": {
      "mean": 0.8568044551447738,
      "std": 0.00430635730915489,
      "n": 5
    },
    "subset": {
      "mean": 0.8562567868268802,
      "std": 0.0046951517417282195,
      "n": 5
    }
  },
  "Phase2/molformer/last5": {
    "full": {
      "mean": 0.8533518415161332,
      "std": 0.003753924687225574,
      "n": 5
    },
    "subset": {
      "mean": 0.8498255451713396,
      "std": 0.004537648370961107,
      "n": 5
    }
  },
  "Phase2/mol2vec/last5": {
    "full": {
      "mean": 0.8569725940220492,
      "std": 0.004755919008221923,
      "n": 5
    },
    "subset": {
      "mean": 0.8564862780002966,
      "std": 0.00654360432382053,
      "n": 5
    }
  },
  "Phase2/Bprime/best": {
    "full": {
      "mean": 0.865595993005884,
      "std": 0.005869642779093626,
      "n": 5
    },
    "subset": {
      "mean": 0.867473668595164,
      "std": 0.005490327982637095,
      "n": 5
    }
  },
  "Phase2/chemberta_mlm/best": {
    "full": {
      "mean": 0.8706840270126104,
      "std": 0.0041831388308219185,
      "n": 5
    },
    "subset": {
      "mean": 0.8703560302625724,
      "std": 0.0045146512504027295,
      "n": 5
    }
  },
  "Phase2/chemberta_mtr/best": {
    "full": {
      "mean": 0.8688372591138727,
      "std": 0.0026134098853277,
      "n": 5
    },
    "subset": {
      "mean": 0.869876872867527,
      "std": 0.004530643319284495,
      "n": 5
    }
  },
  "Phase2/molformer/best": {
    "full": {
      "mean": 0.8663608972075023,
      "std": 0.0074522795401423285,
      "n": 5
    },
    "subset": {
      "mean": 0.866316570241804,
      "std": 0.007908028748428943,
      "n": 5
    }
  },
  "Phase2/mol2vec/best": {
    "full": {
      "mean": 0.8682869564680127,
      "std": 0.004884844747648675,
      "n": 5
    },
    "subset": {
      "mean": 0.8701824655095682,
      "std": 0.006120259031009295,
      "n": 5
    }
  },
  "Phase2/Bprime/final": {
    "full": {
      "mean": 0.8514489724045466,
      "std": 0.004513161664344021,
      "n": 5
    },
    "subset": {
      "mean": 0.8514767838599614,
      "std": 0.003815948341117099,
      "n": 5
    }
  },
  "Phase2/chemberta_mlm/final": {
    "full": {
      "mean": 0.8539757924502268,
      "std": 0.006893384189285052,
      "n": 5
    },
    "subset": {
      "mean": 0.8535172823023291,
      "std": 0.005252542745586499,
      "n": 5
    }
  },
  "Phase2/chemberta_mtr/final": {
    "full": {
      "mean": 0.8536983756598173,
      "std": 0.003746411430589384,
      "n": 5
    },
    "subset": {
      "mean": 0.8534290164663995,
      "std": 0.0030352831482060427,
      "n": 5
    }
  },
  "Phase2/molformer/final": {
    "full": {
      "mean": 0.8512269565915835,
      "std": 0.005237369732673105,
      "n": 5
    },
    "subset": {
      "mean": 0.8479824951787569,
      "std": 0.005934487846374829,
      "n": 5
    }
  },
  "Phase2/mol2vec/final": {
    "full": {
      "mean": 0.8540145113489623,
      "std": 0.004459042177503438,
      "n": 5
    },
    "subset": {
      "mean": 0.852765168372645,
      "std": 0.006609804705641184,
      "n": 5
    }
  },
  "Phase3/Bprime/last5": {
    "full": {
      "mean": 0.8924824137931034,
      "std": 0.0033381693973919026,
      "n": 5
    },
    "subset": {
      "mean": 0.9086997365831984,
      "std": 0.007537041664904331,
      "n": 5
    }
  },
  "Phase3/chemberta_mlm/last5": {
    "full": {
      "mean": 0.8858137931034482,
      "std": 0.006611170981597649,
      "n": 5
    },
    "subset": {
      "mean": 0.9043923958234157,
      "std": 0.005179754500685046,
      "n": 5
    }
  },
  "Phase3/chemberta_mtr/last5": {
    "full": {
      "mean": 0.8887039655172414,
      "std": 0.010322536230792729,
      "n": 5
    },
    "subset": {
      "mean": 0.9008994255609508,
      "std": 0.007865513885570736,
      "n": 5
    }
  },
  "Phase3/molformer/last5": {
    "full": {
      "mean": 0.8915374137931036,
      "std": 0.00603861141398879,
      "n": 5
    },
    "subset": {
      "mean": 0.9110425592687804,
      "std": 0.006046475382045559,
      "n": 5
    }
  },
  "Phase3/mol2vec/last5": {
    "full": {
      "mean": 0.8898091379310346,
      "std": 0.005375169597468114,
      "n": 5
    },
    "subset": {
      "mean": 0.9075851344060428,
      "std": 0.004869691984411264,
      "n": 5
    }
  },
  "Phase3/Bprime/best": {
    "full": {
      "mean": 0.9150431034482759,
      "std": 0.005080923066363236,
      "n": 5
    },
    "subset": {
      "mean": 0.9324415246437526,
      "std": 0.003228146167605531,
      "n": 5
    }
  },
  "Phase3/chemberta_mlm/best": {
    "full": {
      "mean": 0.9099137931034482,
      "std": 0.002580320168125582,
      "n": 5
    },
    "subset": {
      "mean": 0.9242089561712525,
      "std": 0.005761509082013486,
      "n": 5
    }
  },
  "Phase3/chemberta_mtr/best": {
    "full": {
      "mean": 0.9091387931034483,
      "std": 0.006621836876404996,
      "n": 5
    },
    "subset": {
      "mean": 0.9231267256974197,
      "std": 0.0046706282999930794,
      "n": 5
    }
  },
  "Phase3/molformer/best": {
    "full": {
      "mean": 0.9105870689655173,
      "std": 0.0036663269635544707,
      "n": 5
    },
    "subset": {
      "mean": 0.9268812085435908,
      "std": 0.0015531020914416607,
      "n": 5
    }
  },
  "Phase3/mol2vec/best": {
    "full": {
      "mean": 0.9129672413793104,
      "std": 0.002366378525218122,
      "n": 5
    },
    "subset": {
      "mean": 0.9309467136373735,
      "std": 0.003187306183056208,
      "n": 5
    }
  },
  "Phase3/Bprime/final": {
    "full": {
      "mean": 0.8909293103448276,
      "std": 0.004426044797283648,
      "n": 5
    },
    "subset": {
      "mean": 0.907842203814783,
      "std": 0.008333209102574485,
      "n": 5
    }
  },
  "Phase3/chemberta_mlm/final": {
    "full": {
      "mean": 0.8850689655172415,
      "std": 0.007078443236363257,
      "n": 5
    },
    "subset": {
      "mean": 0.9034053762417088,
      "std": 0.007680323987161263,
      "n": 5
    }
  },
  "Phase3/chemberta_mtr/final": {
    "full": {
      "mean": 0.8858491379310346,
      "std": 0.010675137875842707,
      "n": 5
    },
    "subset": {
      "mean": 0.8992510076486084,
      "std": 0.008056431603906903,
      "n": 5
    }
  },
  "Phase3/molformer/final": {
    "full": {
      "mean": 0.8904956896551723,
      "std": 0.004560105470871182,
      "n": 5
    },
    "subset": {
      "mean": 0.9107715255958615,
      "std": 0.006127504969795801,
      "n": 5
    }
  },
  "Phase3/mol2vec/final": {
    "full": {
      "mean": 0.8861560344827586,
      "std": 0.0056789961873727896,
      "n": 5
    },
    "subset": {
      "mean": 0.9057602589736267,
      "std": 0.007617097823180632,
      "n": 5
    }
  }
}