{
  "Phase2/Bprime": {
    "full": {
      "mean": 0.865595993005884,
      "std": 0.005869642779093626,
      "min": 0.8570284069026735,
      "max": 0.872657043235417,
      "n": 5
    },
    "subset": {
      "mean": 0.867473668595164,
      "std": 0.005490327982637095,
      "min": 0.8600393116748258,
      "max": 0.8738317757009345,
      "n": 5
    },
    "subset_n": 844
  },
  "Phase2/chemberta_mlm": {
    "full": {
      "mean": 0.8706840270126104,
      "std": 0.0041831388308219185,
      "min": 0.8666164831294757,
      "max": 0.876894497179493,
      "n": 5
    },
    "subset": {
      "mean": 0.8703560302625724,
      "std": 0.0045146512504027295,
      "min": 0.8625278148642634,
      "max": 0.8737205162438808,
      "n": 5
    },
    "subset_n": 844
  },
  "Phase2/chemberta_mtr": {
    "full": {
      "mean": 0.8688372591138727,
      "std": 0.0026134098853277,
      "min": 0.8655753978469821,
      "max": 0.8712256796917317,
      "n": 5
    },
    "subset": {
      "mean": 0.869876872867527,
      "std": 0.004530643319284495,
      "min": 0.8635031894377688,
      "max": 0.8756008010680907,
      "n": 5
    },
    "subset_n": 844
  },
  "Phase2/molformer": {
    "full": {
      "mean": 0.8663608972075023,
      "std": 0.0074522795401423285,
      "min": 0.8553550502418902,
      "max": 0.8756526090977056,
      "n": 5
    },
    "subset": {
      "mean": 0.866316570241804,
      "std": 0.007908028748428943,
      "min": 0.8528890372348317,
      "max": 0.8724818276220145,
      "n": 5
    },
    "subset_n": 844
  },
  "Phase2/mol2vec": {
    "full": {
      "mean": 0.8682869564680127,
      "std": 0.004884844747648675,
      "min": 0.8617385197435491,
      "max": 0.875267479626239,
      "n": 5
    },
    "subset": {
      "mean": 0.8701824655095682,
      "std": 0.006120259031009295,
      "min": 0.8622385402759234,
      "max": 0.8787309004598726,
      "n": 5
    },
    "subset_n": 844
  },
  "Phase3/Bprime": {
    "full": {
      "mean": 0.9150431034482759,
      "std": 0.005080923066363236,
      "min": 0.9083836206896552,
      "max": 0.9205948275862069,
      "n": 5
    },
    "subset": {
      "mean": 0.9324415246437526,
      "std": 0.003228146167605531,
      "min": 0.9289726744739599,
      "max": 0.9363197816496874,
      "n": 5
    },
    "subset_n": 470
  },
  "Phase3/chemberta_mlm": {
    "full": {
      "mean": 0.9099137931034482,
      "std": 0.002580320168125582,
      "min": 0.9072456896551724,
      "max": 0.9139525862068965,
      "n": 5
    },
    "subset": {
      "mean": 0.9255196927861882,
      "std": 0.00402972907084998,
      "min": 0.921339934621854,
      "max": 0.9302104160715985,
      "n": 5
    },
    "subset_n": 470
  },
  "Phase3/chemberta_mtr": {
    "full": {
      "mean": 0.9091387931034483,
      "std": 0.006621836876404996,
      "min": 0.9002974137931035,
      "max": 0.9152887931034484,
      "n": 5
    },
    "subset": {
      "mean": 0.9231267256974197,
      "std": 0.0046706282999930794,
      "min": 0.918182106699673,
      "max": 0.9284014091212035,
      "n": 5
    },
    "subset_n": 470
  },
  "Phase3/molformer": {
    "full": {
      "mean": 0.9105870689655173,
      "std": 0.0036663269635544707,
      "min": 0.9062672413793103,
      "max": 0.9158491379310346,
      "n": 5
    },
    "subset": {
      "mean": 0.927607985020153,
      "std": 0.0015843469448890454,
      "min": 0.9250055539687073,
      "max": 0.929115490812149,
      "n": 5
    },
    "subset_n": 470
  },
  "Phase3/mol2vec": {
    "full": {
      "mean": 0.9129672413793104,
      "std": 0.002366378525218122,
      "min": 0.9104870689655172,
      "max": 0.9162112068965517,
      "n": 5
    },
    "subset": {
      "mean": 0.9309467136373735,
      "std": 0.003187306183056208,
      "min": 0.9257513726236948,
      "max": 0.9342886159509981,
      "n": 5
    },
    "subset_n": 470
  }
}