{
  "run_id": "ablate_ie_serious-adverse-event-forecasting_YN_20260520_192243",
  "subtask": "serious-adverse-event-forecasting",
  "target": "Y/N",
  "task_type": "binary",
  "ie_features_path": "results/step2_lite_pca_k16_20260520_192210/ie_features.parquet",
  "n_train": 14368,
  "n_test": 3548,
  "n_features_baseline": 41,
  "n_features_with_ie": 73,
  "baseline": {
    "time_s": 2.8529565380886197,
    "roc_auc": 0.8851036222415796,
    "pr_auc": 0.9395534404057273,
    "log_loss": 0.3928625293287167,
    "accuracy": 0.8246899661781285
  },
  "with_ie": {
    "time_s": 3.0119659129995853,
    "roc_auc": 0.9134834131823462,
    "pr_auc": 0.9570433101897982,
    "log_loss": 0.3455607403705455,
    "accuracy": 0.8435738444193912
  },
  "delta": {
    "roc_auc": 0.02837979094076659,
    "pr_auc": 0.017489869784070855,
    "log_loss": -0.047301788958171165,
    "accuracy": 0.018883878241262697
  },
  "args": {
    "ie_features": "results/step2_lite_pca_k16_20260520_192210/ie_features.parquet",
    "subtask": "serious-adverse-event-forecasting",
    "target": "Y/N",
    "task_type": "binary",
    "phases": null,
    "n_estimators": 2,
    "seed": 0
  }
}