{
  "run_id": "ablate_ie_mortality-event-prediction_YN_20260520_190104",
  "subtask": "mortality-event-prediction",
  "target": "Y/N",
  "task_type": "binary",
  "ie_features_path": "results/criterion_head_20260520_155333/ie_features.parquet",
  "n_train": 3895,
  "n_test": 945,
  "n_features_baseline": 41,
  "n_features_with_ie": 49,
  "baseline": {
    "time_s": 2.0697706290520728,
    "roc_auc": 0.8237067690072899,
    "pr_auc": 0.8293191244816797,
    "log_loss": 0.521586475972462,
    "accuracy": 0.7386243386243386
  },
  "with_ie": {
    "time_s": 1.0305055809440091,
    "roc_auc": 0.8454511625404624,
    "pr_auc": 0.8595406976004732,
    "log_loss": 0.4880741778528075,
    "accuracy": 0.7513227513227513
  },
  "delta": {
    "roc_auc": 0.02174439353317248,
    "pr_auc": 0.030221573118793588,
    "log_loss": -0.033512298119654504,
    "accuracy": 0.012698412698412653
  },
  "args": {
    "ie_features": "results/criterion_head_20260520_155333/ie_features.parquet",
    "subtask": "mortality-event-prediction",
    "target": "Y/N",
    "task_type": "binary",
    "phases": "Phase3",
    "n_estimators": 2,
    "seed": 0
  }
}