{
  "run_id": "ablate_ie_trial-failure-reason-identification_failure_reason_20260520_190252",
  "subtask": "trial-failure-reason-identification",
  "target": "failure_reason",
  "task_type": "multiclass",
  "ie_features_path": "results/criterion_head_20260520_155333/ie_features.parquet",
  "n_train": 2778,
  "n_test": 683,
  "n_features_baseline": 27,
  "n_features_with_ie": 35,
  "baseline": {
    "time_s": 2.024544275016524,
    "accuracy": 0.4816983894582723,
    "macro_f1": 0.24574631268436578,
    "weighted_f1": 0.45146277268859836,
    "log_loss": 0.9669266128943114
  },
  "with_ie": {
    "time_s": 0.9122854979941621,
    "accuracy": 0.4773060029282577,
    "macro_f1": 0.24789118856915465,
    "weighted_f1": 0.4586188608820566,
    "log_loss": 0.966929860270879
  },
  "delta": {
    "accuracy": -0.004392386530014614,
    "macro_f1": 0.0021448758847888716,
    "weighted_f1": 0.007156088193458254,
    "log_loss": 3.247376567649951e-06
  },
  "args": {
    "ie_features": "results/criterion_head_20260520_155333/ie_features.parquet",
    "subtask": "trial-failure-reason-identification",
    "target": "failure_reason",
    "task_type": "multiclass",
    "phases": "Phase4",
    "n_estimators": 2,
    "seed": 0
  }
}