{
  "Phase2/Bprime/last5": {
    "full": {
      "mean": 0.8594080127525224,
      "std": 0.006031033330141297,
      "n": 10
    },
    "subset": {
      "mean": 0.8589480432049262,
      "std": 0.008043421812350899,
      "n": 10
    }
  },
  "Phase2/sapbert/last5": {
    "full": {
      "mean": 0.8592933183125975,
      "std": 0.0068157631697222405,
      "n": 10
    },
    "subset": {
      "mean": 0.8611345748314474,
      "std": 0.008346721502622027,
      "n": 10
    }
  },
  "Phase2/biolord/last5": {
    "full": {
      "mean": 0.8624711101408504,
      "std": 0.005971563625227817,
      "n": 10
    },
    "subset": {
      "mean": 0.8605710000297009,
      "std": 0.0053215825982437705,
      "n": 10
    }
  },
  "Phase2/medcpt/last5": {
    "full": {
      "mean": 0.8640483285998792,
      "std": 0.0052136654428485635,
      "n": 10
    },
    "subset": {
      "mean": 0.866262239250745,
      "std": 0.005930773918719703,
      "n": 10
    }
  },
  "Phase2/pubmedbert/last5": {
    "full": {
      "mean": 0.8609662424750439,
      "std": 0.005516500622486832,
      "n": 10
    },
    "subset": {
      "mean": 0.86262239250745,
      "std": 0.0049008332188384875,
      "n": 10
    }
  },
  "Phase2/Bprime/best": {
    "full": {
      "mean": 0.8699774071106845,
      "std": 0.00342073995174671,
      "n": 10
    },
    "subset": {
      "mean": 0.8720506994564733,
      "std": 0.0043040117950268065,
      "n": 10
    }
  },
  "Phase2/sapbert/best": {
    "full": {
      "mean": 0.8674238133584321,
      "std": 0.006416238117789772,
      "n": 10
    },
    "subset": {
      "mean": 0.8722368251705328,
      "std": 0.005466008977106357,
      "n": 10
    }
  },
  "Phase2/biolord/best": {
    "full": {
      "mean": 0.8717322176249251,
      "std": 0.003307340476002033,
      "n": 10
    },
    "subset": {
      "mean": 0.8750381161701665,
      "std": 0.004052932613196887,
      "n": 10
    }
  },
  "Phase2/medcpt/best": {
    "full": {
      "mean": 0.8708394174865257,
      "std": 0.005182527982551953,
      "n": 10
    },
    "subset": {
      "mean": 0.8757900442543585,
      "std": 0.005015251685800377,
      "n": 10
    }
  },
  "Phase2/pubmedbert/best": {
    "full": {
      "mean": 0.8721585374141954,
      "std": 0.002784966626664798,
      "n": 10
    },
    "subset": {
      "mean": 0.8775733365014305,
      "std": 0.0037283409971100552,
      "n": 10
    }
  },
  "Phase2/Bprime/final": {
    "full": {
      "mean": 0.8567475919110455,
      "std": 0.005798977210318694,
      "n": 10
    },
    "subset": {
      "mean": 0.8566235508430109,
      "std": 0.007848482421508807,
      "n": 10
    }
  },
  "Phase2/sapbert/final": {
    "full": {
      "mean": 0.8557941390296797,
      "std": 0.006222872035052757,
      "n": 10
    },
    "subset": {
      "mean": 0.8573955270426803,
      "std": 0.007953915693169587,
      "n": 10
    }
  },
  "Phase2/biolord/final": {
    "full": {
      "mean": 0.8608271839621379,
      "std": 0.005091215040572889,
      "n": 10
    },
    "subset": {
      "mean": 0.85876795667627,
      "std": 0.004523249354950705,
      "n": 10
    }
  },
  "Phase2/medcpt/final": {
    "full": {
      "mean": 0.8615950744617968,
      "std": 0.004365917752750123,
      "n": 10
    },
    "subset": {
      "mean": 0.8634124367618087,
      "std": 0.005728401018122349,
      "n": 10
    }
  },
  "Phase2/pubmedbert/final": {
    "full": {
      "mean": 0.8587300819069471,
      "std": 0.005400117674525373,
      "n": 10
    },
    "subset": {
      "mean": 0.8605527339689327,
      "std": 0.005095467329089616,
      "n": 10
    }
  },
  "Phase3/Bprime/last5": {
    "full": {
      "mean": 0.8901468965517239,
      "std": 0.007207869422662287,
      "n": 5
    },
    "subset": {
      "mean": 0.9121774954627948,
      "std": 0.008102791843228612,
      "n": 5
    }
  },
  "Phase3/sapbert/last5": {
    "full": {
      "mean": 0.889348103448276,
      "std": 0.004015363554009578,
      "n": 5
    },
    "subset": {
      "mean": 0.9080268602540835,
      "std": 0.0066102564845995455,
      "n": 5
    }
  },
  "Phase3/biolord/last5": {
    "full": {
      "mean": 0.89183,
      "std": 0.005091237591007246,
      "n": 5
    },
    "subset": {
      "mean": 0.9169147005444647,
      "std": 0.006298486974832943,
      "n": 5
    }
  },
  "Phase3/medcpt/last5": {
    "full": {
      "mean": 0.8880372413793103,
      "std": 0.005494922711867176,
      "n": 5
    },
    "subset": {
      "mean": 0.91269110707804,
      "std": 0.0055036490499585705,
      "n": 5
    }
  },
  "Phase3/pubmedbert/last5": {
    "full": {
      "mean": 0.8892770689655173,
      "std": 0.0055014136046857166,
      "n": 5
    },
    "subset": {
      "mean": 0.9094185117967332,
      "std": 0.007291083256940213,
      "n": 5
    }
  },
  "Phase3/Bprime/best": {
    "full": {
      "mean": 0.9139250000000001,
      "std": 0.004798328250361369,
      "n": 5
    },
    "subset": {
      "mean": 0.9299564428312159,
      "std": 0.005615804139704295,
      "n": 5
    }
  },
  "Phase3/sapbert/best": {
    "full": {
      "mean": 0.907898275862069,
      "std": 0.004439590935256769,
      "n": 5
    },
    "subset": {
      "mean": 0.9261197822141561,
      "std": 0.0036435344510475634,
      "n": 5
    }
  },
  "Phase3/biolord/best": {
    "full": {
      "mean": 0.907126724137931,
      "std": 0.0016006812424565978,
      "n": 5
    },
    "subset": {
      "mean": 0.9258312159709619,
      "std": 0.0016655757884406679,
      "n": 5
    }
  },
  "Phase3/medcpt/best": {
    "full": {
      "mean": 0.9087758620689655,
      "std": 0.0044903357299093775,
      "n": 5
    },
    "subset": {
      "mean": 0.9296878402903811,
      "std": 0.0037922490983758766,
      "n": 5
    }
  },
  "Phase3/pubmedbert/best": {
    "full": {
      "mean": 0.9094206896551723,
      "std": 0.005517798328569853,
      "n": 5
    },
    "subset": {
      "mean": 0.9275245009074411,
      "std": 0.007487217135011568,
      "n": 5
    }
  },
  "Phase3/Bprime/final": {
    "full": {
      "mean": 0.8893689655172414,
      "std": 0.006919153830454197,
      "n": 5
    },
    "subset": {
      "mean": 0.9101379310344827,
      "std": 0.008076358611428469,
      "n": 5
    }
  },
  "Phase3/sapbert/final": {
    "full": {
      "mean": 0.8877612068965517,
      "std": 0.005563865164680837,
      "n": 5
    },
    "subset": {
      "mean": 0.9050399274047187,
      "std": 0.0059609019176711875,
      "n": 5
    }
  },
  "Phase3/biolord/final": {
    "full": {
      "mean": 0.8899327586206898,
      "std": 0.004223267635540466,
      "n": 5
    },
    "subset": {
      "mean": 0.915076225045372,
      "std": 0.006720884561884101,
      "n": 5
    }
  },
  "Phase3/medcpt/final": {
    "full": {
      "mean": 0.8883362068965518,
      "std": 0.004832388698059398,
      "n": 5
    },
    "subset": {
      "mean": 0.9123974591651542,
      "std": 0.006020963117666972,
      "n": 5
    }
  },
  "Phase3/pubmedbert/final": {
    "full": {
      "mean": 0.8872362068965517,
      "std": 0.007937007800238444,
      "n": 5
    },
    "subset": {
      "mean": 0.9054192377495461,
      "std": 0.008106824817878536,
      "n": 5
    }
  }
}