{
  "Phase3/qwen3": {
    "full": {
      "mean": 0.9095094827586208,
      "std": 0.008059484095661975,
      "n": 5
    },
    "subset": {
      "mean": 0.9283684210526315,
      "std": 0.007990458459430038,
      "n": 5
    },
    "subset_n": 675
  }
}