{
  "Phase2/Bprime": {
    "full": {
      "mean": 0.8713581065634711,
      "std": 0.0029943487377770356,
      "n": 5
    },
    "subset": {
      "mean": 0.8743156414901938,
      "std": 0.0025081588885324645,
      "n": 5
    },
    "subset_n": 1041
  },
  "Phase2/sapbert": {
    "full": {
      "mean": 0.867814709474391,
      "std": 0.007525231183683639,
      "n": 5
    },
    "subset": {
      "mean": 0.8717504727395131,
      "std": 0.006049220042112796,
      "n": 5
    },
    "subset_n": 1041
  },
  "Phase2/biolord": {
    "full": {
      "mean": 0.8702447322732318,
      "std": 0.0029795201877390464,
      "n": 5
    },
    "subset": {
      "mean": 0.8736874672052432,
      "std": 0.005156888199936804,
      "n": 5
    },
    "subset_n": 1041
  },
  "Phase2/medcpt": {
    "full": {
      "mean": 0.86961287279812,
      "std": 0.005984722150185592,
      "n": 5
    },
    "subset": {
      "mean": 0.8749596562614471,
      "std": 0.005213234926463306,
      "n": 5
    },
    "subset_n": 1041
  },
  "Phase2/pubmedbert": {
    "full": {
      "mean": 0.8722185723023946,
      "std": 0.0018435007610674476,
      "n": 5
    },
    "subset": {
      "mean": 0.8761848188739394,
      "std": 0.0018502226860715432,
      "n": 5
    },
    "subset_n": 1041
  }
}