{
  "run_id": "ablate_ie_serious-adverse-event-forecasting_20260520_155805",
  "subtask": "serious-adverse-event-forecasting",
  "ie_features_path": "results/criterion_head_20260520_155333/ie_features.parquet",
  "n_train": 14368,
  "n_test": 3548,
  "n_features_baseline": 41,
  "n_features_with_ie": 49,
  "baseline": {
    "time_s": 2.9893248769221827,
    "roc_auc": 0.8851036222415796,
    "pr_auc": 0.9395534404057273,
    "log_loss": 0.3928625293287167,
    "accuracy": 0.8246899661781285
  },
  "with_ie": {
    "time_s": 1.9261875549564138,
    "roc_auc": 0.9035396704413473,
    "pr_auc": 0.9515382288919394,
    "log_loss": 0.36415484957900546,
    "accuracy": 0.8322998872604284
  },
  "delta": {
    "roc_auc": 0.01843604819976774,
    "pr_auc": 0.011984788486212095,
    "log_loss": -0.028707679749711223,
    "accuracy": 0.007609921082299853
  },
  "args": {
    "ie_features": "results/criterion_head_20260520_155333/ie_features.parquet",
    "subtask": "serious-adverse-event-forecasting",
    "n_estimators": 2,
    "seed": 0
  }
}