{
  "run_id": "ablate_ie_serious-adverse-event-forecasting_YN_20260520_192428",
  "subtask": "serious-adverse-event-forecasting",
  "target": "Y/N",
  "task_type": "binary",
  "ie_features_path": "results/combined_stack8_pca32_20260520.parquet",
  "n_train": 14368,
  "n_test": 3548,
  "n_features_baseline": 41,
  "n_features_with_ie": 113,
  "baseline": {
    "time_s": 2.809350671013817,
    "roc_auc": 0.8851036222415796,
    "pr_auc": 0.9395534404057273,
    "log_loss": 0.3928625293287167,
    "accuracy": 0.8246899661781285
  },
  "with_ie": {
    "time_s": 3.7948890110710636,
    "roc_auc": 0.9163579776422764,
    "pr_auc": 0.9585662862616795,
    "log_loss": 0.3407518348507771,
    "accuracy": 0.8432919954904171
  },
  "delta": {
    "roc_auc": 0.031254355400696876,
    "pr_auc": 0.0190128458559522,
    "log_loss": -0.05211069447793959,
    "accuracy": 0.018602029312288604
  },
  "args": {
    "ie_features": "results/combined_stack8_pca32_20260520.parquet",
    "subtask": "serious-adverse-event-forecasting",
    "target": "Y/N",
    "task_type": "binary",
    "phases": null,
    "n_estimators": 2,
    "seed": 0
  }
}