{
  "run_id": "fm_bench_ie_mortality-event-prediction_YN_Phase2_20260524_004446",
  "subtask": "mortality-event-prediction",
  "target": "Y/N",
  "task_type": "binary",
  "phase": "Phase2",
  "ie_features_path": "/data2/zhu11/TB/branch/IE_embedding/results/criterion_head_20260520_155333/ie_features.parquet",
  "n_train": 6516,
  "n_test": 1600,
  "n_features_baseline": 41,
  "n_features_with_ie": 49,
  "n_non_numeric_baseline": 17,
  "multiclass_classes": null,
  "models": {
    "tabpfn": {
      "baseline": {
        "time_s": 0.8435172089375556,
        "roc_auc": 0.8281884199331702,
        "pr_auc": 0.7902780097875528,
        "log_loss": 0.5107630178038208,
        "accuracy": 0.760625
      },
      "with_ie": {
        "time_s": 0.5608519669622183,
        "roc_auc": 0.8771466418309619,
        "pr_auc": 0.8650062385003935,
        "log_loss": 0.43570388731546045,
        "accuracy": 0.8075
      },
      "delta": {
        "roc_auc": 0.048958221897791754,
        "pr_auc": 0.07472822871284068,
        "log_loss": -0.07505913048836038,
        "accuracy": 0.046875
      }
    },
    "tabicl": {
      "baseline": {
        "time_s": 0.6551786620402709,
        "roc_auc": 0.8337583615986307,
        "pr_auc": 0.7995577307103826,
        "log_loss": 0.5045430070603591,
        "accuracy": 0.774375
      },
      "with_ie": {
        "time_s": 0.6857336859684438,
        "roc_auc": 0.8767564863351184,
        "pr_auc": 0.8643992468263462,
        "log_loss": 0.43742754410710566,
        "accuracy": 0.805625
      },
      "delta": {
        "roc_auc": 0.042998124736487675,
        "pr_auc": 0.06484151611596356,
        "log_loss": -0.06711546295325349,
        "accuracy": 0.03125
      }
    },
    "tabdpt": {
      "baseline": {
        "time_s": 5.706609835033305,
        "roc_auc": 0.8217170302873935,
        "pr_auc": 0.7811069306921227,
        "log_loss": 0.524971024367715,
        "accuracy": 0.753125
      },
      "with_ie": {
        "time_s": 5.733445434016176,
        "roc_auc": 0.8740395567330139,
        "pr_auc": 0.8627039905911871,
        "log_loss": 0.4447554899156295,
        "accuracy": 0.80625
      },
      "delta": {
        "roc_auc": 0.05232252644562041,
        "pr_auc": 0.0815970598990644,
        "log_loss": -0.08021553445208551,
        "accuracy": 0.05312499999999998
      }
    },
    "mitra": {
      "baseline": {
        "time_s": 2.061588212964125,
        "roc_auc": 0.8154918476379861,
        "pr_auc": 0.7753956251974099,
        "log_loss": 0.5332765406562066,
        "accuracy": 0.75125
      },
      "with_ie": {
        "time_s": 2.188394619966857,
        "roc_auc": 0.8691909307725708,
        "pr_auc": 0.8586193034539245,
        "log_loss": 0.4553566279029257,
        "accuracy": 0.80375
      },
      "delta": {
        "roc_auc": 0.05369908313458471,
        "pr_auc": 0.08322367825651455,
        "log_loss": -0.07791991275328086,
        "accuracy": 0.05249999999999999
      }
    }
  },
  "args": {
    "subtask": "mortality-event-prediction",
    "target": "Y/N",
    "task_type": "binary",
    "phase": "Phase2",
    "ie_features": "/data2/zhu11/TB/branch/IE_embedding/results/criterion_head_20260520_155333/ie_features.parquet",
    "models": [
      "tabpfn",
      "tabicl",
      "tabdpt",
      "mitra"
    ],
    "tabpfn_n_estimators": 2,
    "tabicl_n_estimators": 8,
    "tabdpt_context_size": 2048,
    "mitra_n_estimators": 1,
    "seed": 0
  }
}