{
  "run_id": "ablate_ie_trial-approval-forecasting_outcome_20260520_184808",
  "subtask": "trial-approval-forecasting",
  "target": "outcome",
  "ie_features_path": "results/criterion_head_20260520_155333/ie_features.parquet",
  "n_train": 24468,
  "n_test": 6215,
  "n_features_baseline": 37,
  "n_features_with_ie": 45,
  "baseline": {
    "time_s": 3.9037297760369256,
    "roc_auc": 0.8305150058792592,
    "pr_auc": 0.764875280228941,
    "log_loss": 0.4898436749020162,
    "accuracy": 0.7459372485921159
  },
  "with_ie": {
    "time_s": 3.7374355810461566,
    "roc_auc": 0.8365050924853523,
    "pr_auc": 0.7737219245634223,
    "log_loss": 0.48254443153028814,
    "accuracy": 0.7478680611423975
  },
  "delta": {
    "roc_auc": 0.005990086606093126,
    "pr_auc": 0.008846644334481235,
    "log_loss": -0.007299243371728048,
    "accuracy": 0.001930812550281602
  },
  "args": {
    "ie_features": "results/criterion_head_20260520_155333/ie_features.parquet",
    "subtask": "trial-approval-forecasting",
    "target": "outcome",
    "n_estimators": 2,
    "seed": 0
  }
}