{
  "run_id": "ablate_ie_trial-approval-forecasting_outcome_20260520_190154",
  "subtask": "trial-approval-forecasting",
  "target": "outcome",
  "task_type": "binary",
  "ie_features_path": "results/criterion_head_20260520_155333/ie_features.parquet",
  "n_train": 3586,
  "n_test": 896,
  "n_features_baseline": 37,
  "n_features_with_ie": 45,
  "baseline": {
    "time_s": 2.0768276440212503,
    "roc_auc": 0.8244920247891903,
    "pr_auc": 0.7433988169756042,
    "log_loss": 0.4953586664290949,
    "accuracy": 0.7421875
  },
  "with_ie": {
    "time_s": 0.9659242980415002,
    "roc_auc": 0.8328532967591182,
    "pr_auc": 0.7529453126071937,
    "log_loss": 0.4852841886781956,
    "accuracy": 0.7533482142857143
  },
  "delta": {
    "roc_auc": 0.008361271969927975,
    "pr_auc": 0.009546495631589491,
    "log_loss": -0.010074477750899258,
    "accuracy": 0.011160714285714302
  },
  "args": {
    "ie_features": "results/criterion_head_20260520_155333/ie_features.parquet",
    "subtask": "trial-approval-forecasting",
    "target": "outcome",
    "task_type": "binary",
    "phases": "Phase1",
    "n_estimators": 2,
    "seed": 0
  }
}