{
  "run_id": "ablate_ie_patient-dropout-event-forecasting_YN_20260520_184753",
  "subtask": "patient-dropout-event-forecasting",
  "target": "Y/N",
  "ie_features_path": "results/criterion_head_20260520_155333/ie_features.parquet",
  "n_train": 30561,
  "n_test": 7741,
  "n_features_baseline": 38,
  "n_features_with_ie": 46,
  "baseline": {
    "time_s": 5.101519935997203,
    "roc_auc": 0.8125559714311335,
    "pr_auc": 0.9399367791816381,
    "log_loss": 0.41361525868817145,
    "accuracy": 0.8017052060457305
  },
  "with_ie": {
    "time_s": 4.3169872489525005,
    "roc_auc": 0.824356020420086,
    "pr_auc": 0.9429523906977479,
    "log_loss": 0.40420324433776506,
    "accuracy": 0.8067433148172071
  },
  "delta": {
    "roc_auc": 0.011800048988952594,
    "pr_auc": 0.0030156115161098507,
    "log_loss": -0.009412014350406395,
    "accuracy": 0.00503810877147659
  },
  "args": {
    "ie_features": "results/criterion_head_20260520_155333/ie_features.parquet",
    "subtask": "patient-dropout-event-forecasting",
    "target": "Y/N",
    "n_estimators": 2,
    "seed": 0
  }
}