{
  "run_id": "ablate_ie_mortality-event-prediction_YN_20260520_190112",
  "subtask": "mortality-event-prediction",
  "target": "Y/N",
  "task_type": "binary",
  "ie_features_path": "results/criterion_head_20260520_155333/ie_features.parquet",
  "n_train": 2362,
  "n_test": 584,
  "n_features_baseline": 42,
  "n_features_with_ie": 50,
  "baseline": {
    "time_s": 2.012128651025705,
    "roc_auc": 0.8308620128549344,
    "pr_auc": 0.5706494964906379,
    "log_loss": 0.34569842404443646,
    "accuracy": 0.8527397260273972
  },
  "with_ie": {
    "time_s": 0.9612219149712473,
    "roc_auc": 0.8556972581563745,
    "pr_auc": 0.6164029006992617,
    "log_loss": 0.3267769428282432,
    "accuracy": 0.8578767123287672
  },
  "delta": {
    "roc_auc": 0.0248352453014401,
    "pr_auc": 0.04575340420862384,
    "log_loss": -0.018921481216193248,
    "accuracy": 0.005136986301369939
  },
  "args": {
    "ie_features": "results/criterion_head_20260520_155333/ie_features.parquet",
    "subtask": "mortality-event-prediction",
    "target": "Y/N",
    "task_type": "binary",
    "phases": "Phase4",
    "n_estimators": 2,
    "seed": 0
  }
}