{
  "run_id": "ablate_ie_trial-failure-reason-identification_failure_reason_20260520_190243",
  "subtask": "trial-failure-reason-identification",
  "target": "failure_reason",
  "task_type": "multiclass",
  "ie_features_path": "results/criterion_head_20260520_155333/ie_features.parquet",
  "n_train": 3341,
  "n_test": 815,
  "n_features_baseline": 26,
  "n_features_with_ie": 34,
  "baseline": {
    "time_s": 2.0399980500806123,
    "accuracy": 0.47607361963190187,
    "macro_f1": 0.25299347109533465,
    "weighted_f1": 0.4046742508617579,
    "log_loss": 1.1538966194313527
  },
  "with_ie": {
    "time_s": 1.5912922999123111,
    "accuracy": 0.46748466257668714,
    "macro_f1": 0.2511762177984904,
    "weighted_f1": 0.39909994399943877,
    "log_loss": 1.1538741867972255
  },
  "delta": {
    "accuracy": -0.00858895705521473,
    "macro_f1": -0.0018172532968442345,
    "weighted_f1": -0.005574306862319134,
    "log_loss": -2.2432634127156348e-05
  },
  "args": {
    "ie_features": "results/criterion_head_20260520_155333/ie_features.parquet",
    "subtask": "trial-failure-reason-identification",
    "target": "failure_reason",
    "task_type": "multiclass",
    "phases": "Phase3",
    "n_estimators": 2,
    "seed": 0
  }
}