{
  "run_id": "fm_bench_trial-approval-forecasting_outcome_20260523_173309",
  "subtask": "trial-approval-forecasting",
  "target": "outcome",
  "task_type": "binary",
  "n_train": 24468,
  "n_test": 6215,
  "n_features_after_preprocess": 37,
  "n_non_numeric_columns": 13,
  "models": {
    "tabpfn": {
      "time_s": 3.955575007945299,
      "n_estimators": 2,
      "roc_auc": 0.8305150058792592,
      "pr_auc": 0.764875280228941,
      "log_loss": 0.4898436749020162,
      "accuracy": 0.7459372485921159
    },
    "tabicl": {
      "time_s": 3.411917314049788,
      "n_estimators": 8,
      "roc_auc": 0.8327273478255568,
      "pr_auc": 0.7699660430222783,
      "log_loss": 0.4869533090931749,
      "accuracy": 0.7403057119871279
    },
    "tabdpt": {
      "time_s": 24.067815714981407,
      "context_size": 2048,
      "roc_auc": 0.8251474229001459,
      "pr_auc": 0.7660472640663056,
      "log_loss": 0.5020291501304983,
      "accuracy": 0.7372485921158487
    }
  },
  "args": {
    "subtask": "trial-approval-forecasting",
    "target": "outcome",
    "task_type": "binary",
    "phases": null,
    "models": [
      "tabpfn",
      "tabicl",
      "tabdpt"
    ],
    "tabpfn_n_estimators": 2,
    "tabicl_n_estimators": 8,
    "tabdpt_context_size": 2048,
    "tabdpt_compile": false,
    "seed": 0
  }
}