{
  "run_id": "ablate_ie_trial-failure-reason-identification_failure_reason_20260520_192528",
  "subtask": "trial-failure-reason-identification",
  "target": "failure_reason",
  "task_type": "multiclass",
  "ie_features_path": "results/combined_stack8_pca32_20260520.parquet",
  "n_train": 16649,
  "n_test": 4120,
  "n_features_baseline": 26,
  "n_features_with_ie": 98,
  "baseline": {
    "time_s": 2.7974046049639583,
    "accuracy": 0.4956310679611651,
    "macro_f1": 0.27496493745648687,
    "weighted_f1": 0.4471138273688406,
    "log_loss": 1.0858848025880457
  },
  "with_ie": {
    "time_s": 4.166449103970081,
    "accuracy": 0.5218446601941747,
    "macro_f1": 0.30237343550833057,
    "weighted_f1": 0.4728509142814515,
    "log_loss": 1.0550066907513906
  },
  "delta": {
    "accuracy": 0.026213592233009675,
    "macro_f1": 0.0274084980518437,
    "weighted_f1": 0.025737086912610896,
    "log_loss": -0.03087811183665501
  },
  "args": {
    "ie_features": "results/combined_stack8_pca32_20260520.parquet",
    "subtask": "trial-failure-reason-identification",
    "target": "failure_reason",
    "task_type": "multiclass",
    "phases": null,
    "n_estimators": 2,
    "seed": 0
  }
}