{
  "run_id": "step2_lite_pca_k128_20260520_192224",
  "emb_run": "/data2/zhu11/TB/branch/IE_embedding/results/encode_medcpt_20260520_154921",
  "k": 128,
  "n_groups_pooled": 158476,
  "n_trials_in_wide": 81742,
  "explained_variance_ratio_sum": 0.8877803087234497,
  "explained_variance_ratio_top10": [
    0.09149324148893356,
    0.06626021862030029,
    0.05744827911257744,
    0.04810091480612755,
    0.03785077482461929,
    0.029701968654990196,
    0.026009315624833107,
    0.02407749742269516,
    0.022799111902713776,
    0.021141430363059044
  ],
  "elapsed_s": 6.0,
  "args": {
    "emb_run": "/data2/zhu11/TB/branch/IE_embedding/results/encode_medcpt_20260520_154921",
    "k": 128,
    "seed": 0
  }
}