{
  "run_id": "ablate_ie_trial-failure-reason-identification_failure_reason_20260520_185008",
  "subtask": "trial-failure-reason-identification",
  "target": "failure_reason",
  "task_type": "multiclass",
  "ie_features_path": "results/criterion_head_20260520_155333/ie_features.parquet",
  "n_train": 16649,
  "n_test": 4120,
  "n_features_baseline": 26,
  "n_features_with_ie": 34,
  "baseline": {
    "time_s": 2.737016041064635,
    "accuracy": 0.4956310679611651,
    "macro_f1": 0.27496493745648687,
    "weighted_f1": 0.4471138273688406,
    "log_loss": 1.0858848025880457
  },
  "with_ie": {
    "time_s": 2.4568518380401656,
    "accuracy": 0.5019417475728155,
    "macro_f1": 0.2887430141995499,
    "weighted_f1": 0.45203411562659906,
    "log_loss": 1.0725436637883894
  },
  "delta": {
    "accuracy": 0.006310679611650438,
    "macro_f1": 0.013778076743063028,
    "weighted_f1": 0.004920288257758476,
    "log_loss": -0.01334113879965626
  },
  "args": {
    "ie_features": "results/criterion_head_20260520_155333/ie_features.parquet",
    "subtask": "trial-failure-reason-identification",
    "target": "failure_reason",
    "task_type": "multiclass",
    "n_estimators": 2,
    "seed": 0
  }
}