{
  "run_id": "ablate_ie_serious-adverse-event-forecasting_YN_20260520_185925",
  "subtask": "serious-adverse-event-forecasting",
  "target": "Y/N",
  "task_type": "binary",
  "ie_features_path": "results/criterion_head_20260520_155333/ie_features.parquet",
  "n_train": 6516,
  "n_test": 1600,
  "n_features_baseline": 41,
  "n_features_with_ie": 49,
  "baseline": {
    "time_s": 2.2339602099964395,
    "roc_auc": 0.8198860675809544,
    "pr_auc": 0.9258204592821295,
    "log_loss": 0.43188074466433723,
    "accuracy": 0.80125
  },
  "with_ie": {
    "time_s": 1.2131475070491433,
    "roc_auc": 0.8596223671663739,
    "pr_auc": 0.9468869472671353,
    "log_loss": 0.3927789939256623,
    "accuracy": 0.813125
  },
  "delta": {
    "roc_auc": 0.039736299585419466,
    "pr_auc": 0.021066487985005766,
    "log_loss": -0.039101750738674945,
    "accuracy": 0.011874999999999969
  },
  "args": {
    "ie_features": "results/criterion_head_20260520_155333/ie_features.parquet",
    "subtask": "serious-adverse-event-forecasting",
    "target": "Y/N",
    "task_type": "binary",
    "phases": "Phase2",
    "n_estimators": 2,
    "seed": 0
  }
}